,LA,LP,LL,LW,RLW,LMF,LS,LA_Boxcox,LP_Boxcox,LL_Boxcox,LW_Boxcox,RLW_Boxcox,LMF_Boxcox
0,439.82,145.78,39.32,28.29,1.39,0.082782602,3.0,3.467019761531089,5.428594732692311,2.940771628366169,3.14294703704595,0.2945063662714666,-1.737058468509532
1,932.84,248.44,57.47,55.63,1.03,0.06045387,3.0,3.665548732848326,6.065776618255741,3.1743336641405637,3.732603898333134,0.029258807118466592,-1.8756570305786933
2,2300.28,371.32,97.98,66.92,1.46,0.066733517,3.0,3.866579637583138,6.553783301983834,3.4843610163363237,3.891162343691993,0.33297756559215047,-1.833525425638748
3,345.48,123.21,32.28,22.95,1.41,0.091031351,3.0,3.396458895776811,5.2299299939182715,2.814887219218265,2.9575073328315002,0.30582742637964944,-1.692455892818027
4,449.57,100.21,44.73,14.42,3.1,0.179075095,1.0,3.47325558221637,4.9874449259545655,3.021356541018592,2.5403631255586547,0.7848238015916343,-1.3338360031727752
5,252.44,150.68,35.98,34.88,1.03,0.044474077,3.0,3.2993492567258498,5.467774055495348,2.884515295536055,3.3271366388813477,0.029258807118466592,-1.9986061254733891
6,554.46,114.93,50.0,17.96,2.78,0.167904911,2.0,3.531492717832996,5.148098325819839,3.0899373305898092,2.7383265423428105,0.7330668605096602,-1.3712963083517347
7,593.44,187.43,43.87,29.61,1.48,0.067570728,3.0,3.5498271293570105,5.727527225380844,3.009304041523282,3.1831817679835805,0.3434018471681553,-1.8281182190795013
8,432.21,90.23,37.89,16.88,2.24,0.212350304,3.0,3.462035608485262,4.864980680744814,2.9173707167779592,2.68256563969854,0.6181924263153403,-1.2310336551192333
9,687.71,213.51,48.69,45.99,1.06,0.060343277,3.0,3.5887397367140097,5.883502224744762,3.0736767996777647,3.568161873637959,0.05711078367264145,-1.8764255536401815
10,1076.31,202.27,90.62,21.77,4.16,0.105228752,1.0,3.6999605369739914,5.818671098001979,3.4402713452710354,2.910486721855392,0.9065495925080463,-1.6218238992196374
11,778.31,169.98,56.74,30.39,1.87,0.107749919,2.0,3.6205029708564886,5.6109791757927985,3.1666466892322704,3.2060914741027657,0.5080903662539253,-1.6099814750008186
12,1536.66,168.02,65.76,36.86,1.78,0.217728769,1.0,3.781329474286625,5.597173161192689,3.2546126646637745,3.3754627630954603,0.4755408065611479,-1.2154850089050848
13,1294.55,217.28,63.85,47.06,1.36,0.109682999,3.0,3.7428959400761506,5.904510476765713,3.2371683391751103,3.5880981915020285,0.2769983690872569,-1.6010304050330795
14,546.36,126.35,36.52,27.94,1.31,0.136895255,3.0,3.5274874026415275,5.259579996360829,2.8939997782657088,3.1319517846408984,0.2463189145525122,-1.4852365308394444
15,452.52,114.7,52.56,13.26,3.96,0.137584951,1.0,3.475110234518243,5.145744796879215,3.120372472756396,2.46431006688839,0.887843881698055,-1.4825176573683327
16,623.97,116.34,50.7,17.63,2.88,0.184401981,2.0,3.5632008673864717,5.162427795749731,3.0984307367281887,2.7216658913047027,0.7502837682693041,-1.3165385576941266
17,865.19,136.45,58.62,21.54,2.72,0.185876464,1.0,3.6470278911932965,5.350343292683842,3.186223012131817,2.901014248845377,0.7222249229660329,-1.3118117218508425
18,711.58,229.04,56.5,50.98,1.11,0.054257659,3.0,3.597578111372341,5.967851149085656,3.1640951184159283,3.65731958680432,0.10068398083393759,-1.9203056412258102
19,835.64,178.41,59.87,30.79,1.94,0.105012458,3.0,3.6383812197792595,5.668657613029384,3.1988519865548586,3.217604581358808,0.531629870112597,-1.6228489660502918
20,979.95,192.41,54.2,48.69,1.11,0.105878707,3.0,3.677514446251118,5.758867200238958,3.1390057700801046,3.6175823069331403,0.10068398083393759,-1.618752343996643
21,1691.85,215.17,92.46,32.58,2.84,0.146170054,3.0,3.8023093562726014,5.892796341646699,3.451662124708072,3.267293366033491,0.7435200969366168,-1.4494361473910533
22,1110.42,249.26,61.4,47.55,1.29,0.071489471,3.0,3.707331469979474,6.069751100786849,3.2139118007476473,3.597071481523617,0.23348595927794386,-1.8034060852523932
23,990.12,151.12,66.38,23.15,2.87,0.173421898,1.0,3.680006617130403,5.4712317493832385,3.260152886328766,2.9652277754775755,0.748607803606476,-1.3525862650724068
24,309.23,115.65,33.04,25.58,1.29,0.092480536,3.0,3.3628662614364138,5.155436589551652,2.8298990812489246,3.0538625216845485,0.23348595927794386,-1.6849114996266403
25,572.65,198.91,55.43,35.2,1.57,0.057894329,3.0,3.5402357167308316,5.798614256101049,3.152568974801519,3.3351368069611427,0.38751300823773976,-1.8936986079678675
26,270.52,81.65,36.56,11.33,3.23,0.162310641,2.0,3.321301385322534,4.748741968503002,2.894696043374835,2.321021046278352,0.803348644319081,-1.3907072048312097
27,698.8,206.64,51.87,46.36,1.12,0.065461221,3.0,3.5928913245889778,5.8442807642608905,3.112336286072031,3.5751096633920443,0.10900250570052679,-1.8418331027737618
28,1114.33,157.95,67.69,24.4,2.77,0.178662972,1.0,3.708158919349961,5.523692564855271,3.2716696454653094,3.0119662859111798,0.7312874758585579,-1.3351889829850185
29,674.8,179.03,46.93,41.06,1.14,0.084213834,3.0,3.5838038974761797,5.672795117146958,3.0510379421528127,3.4696237751036088,0.12526845354571445,-1.7291060371076117
30,581.53,168.98,49.53,35.52,1.39,0.081463207,3.0,3.544383052156531,5.6039546189714295,3.0841591527504875,3.343061892188221,0.2945063662714666,-1.7444740606403333
31,391.78,107.9,36.75,23.35,1.57,0.134604433,3.0,3.433653518614096,5.074019311991661,2.8979916325333854,2.972879343978144,0.38751300823773976,-1.4943357295172441
32,1237.6,265.05,67.2,42.29,1.59,0.07046682,3.0,3.7325836282727565,6.143917159786975,3.2673914594016717,3.495314106002404,0.3967394935637946,-1.8097629835636482
33,390.32,99.62,44.42,13.22,3.36,0.157321371,1.0,3.4325631776047287,4.980539958041954,3.0170423383202474,2.461565873253159,0.8206537943889346,-1.4084126495179925
34,853.15,136.89,60.05,21.57,2.78,0.182113415,1.0,3.64354849580329,5.354148174266647,3.2006460864644732,2.9022557225821513,0.7330668605096602,-1.323927124074624
35,253.69,93.84,28.64,19.01,1.51,0.115235779,3.0,3.3009272131849534,4.910724670223387,2.7370095316018914,2.789299659060711,0.35859919508182697,-1.575909976266118
36,1018.76,152.94,42.9,41.07,1.04,0.174216668,3.0,3.6868622007627385,5.485431473767706,2.9953865917388094,3.46983584226038,0.03869371599102605,-1.3499249488731262
37,438.67,100.14,44.21,15.51,2.85,0.174977719,1.0,3.466273271840671,4.986627748831057,3.0141005115113773,2.606252504839463,0.745226062046349,-1.3473843899027318
38,353.9,150.75,42.74,30.86,1.38,0.062291087,3.0,3.4036551995802196,5.468324795066213,2.993056914860643,3.2196034163457954,0.288741923178004,-1.8630297335322297
39,346.57,163.02,43.38,23.95,1.81,0.052163795,3.0,3.3974023390164025,5.561236459375863,3.002317363792985,2.9954326172156405,0.48669458003862515,-1.9361880792194652
40,205.4,87.5,40.33,9.29,4.34,0.10731102,1.0,3.232017030751285,4.829197897418717,2.9567295071082524,2.13898364470192,0.9221296347775093,-1.6120292095234205
41,750.89,218.11,54.74,43.84,1.25,0.063137177,2.0,3.6113810606176813,5.909088315823237,3.1450025798020254,3.526606105722868,0.20678240991806923,-1.8573009204974638
42,986.26,159.22,70.44,22.01,3.2,0.155616689,1.0,3.6790643705135415,5.533205172588194,3.2950503800801125,2.920261007264256,0.7991867901753616,-1.4145508890825118
43,1152.03,234.88,75.61,36.71,2.06,0.083527927,3.0,3.7159617376870564,5.998147369227254,3.336346202919077,3.371897056794091,0.5688106386426607,-1.7329054329899145
44,441.5,174.63,44.57,36.15,1.23,0.057909924,3.0,3.4681060640311836,5.643127639237547,3.0191340737466277,3.3584502525009774,0.19288164222021004,-1.8935870305344384
45,1580.29,281.05,80.06,45.03,1.78,0.080025723,3.0,3.787477538802254,6.2148372443087725,3.369422202371709,3.549861274883364,0.4755408065611479,-1.752648404023883
46,276.23,77.57,33.12,12.42,2.67,0.183629838,2.0,3.327868891668598,4.689262124755122,2.8314566263063994,2.4047964594246842,0.7128761430566825,-1.3190242825233571
47,959.94,161.0,71.44,22.27,3.21,0.148133174,3.0,3.6725186300426054,5.54641517137844,3.3032987734893626,2.9307258420595366,0.8005813835169282,-1.4420611036714954
48,412.86,104.17,46.85,13.87,3.38,0.15218697,2.0,3.448870474279487,5.032798316230755,3.0499862880846274,2.5051267557180097,0.8232159422596045,-1.4270428121465673
49,650.53,203.64,53.01,43.26,1.23,0.062748181,3.0,3.5742088895091824,5.826756809478076,3.1255497431045445,3.5150332079738975,0.19288164222021004,-1.8599281561573575
50,454.6,179.52,43.96,32.36,1.36,0.056423983,3.0,3.4764091769867616,5.676055299169586,3.0105777574389947,3.2613410837181,0.2769983690872569,-1.9043130794815637
51,1921.92,333.06,88.35,53.13,1.66,0.06930273,2.0,3.8294788522005145,6.42107351356263,3.425854425408137,3.692977267478115,0.42754407771130026,-1.817077110911805
52,239.39,110.76,29.27,23.8,1.23,0.078054887,3.0,3.282290638957868,5.104703744952785,2.7512599277290737,2.989849699960978,0.19288164222021004,-1.7640221995817522
53,251.48,124.5,30.06,29.45,1.02,0.064897018,3.0,3.2981309738097,5.242198407448465,2.7686491407333973,3.178405010070761,0.019667681341023837,-1.8455528804986867
54,777.3,221.28,52.76,43.48,1.21,0.063498627,3.0,3.620173885989525,5.926418834859921,3.1226796180981777,3.519441767331937,0.17859323383788522,-1.8548697291602754
55,306.66,150.8,35.32,26.52,1.33,0.053940434,3.0,3.36030590052384,5.468718029243075,2.8727031435730255,3.0858273503851805,0.2588247062271688,-1.9226843308402626
56,300.75,118.8,36.6,22.92,1.6,0.085237901,3.0,3.3543185689165167,5.1870311157115685,2.895391451440618,2.956343250540211,0.4012794903324611,-1.7234730727388394
57,127.51,46.89,17.91,9.7,1.85,0.231976382,3.0,3.064933553354534,4.110649063102887,2.419867768545442,2.178700698286395,0.5010889221026787,-1.1755399750283149
58,1099.41,164.13,71.38,24.95,2.86,0.163246446,1.0,3.704982480007528,5.569305474716655,3.302807544980118,3.0317498055652776,0.7469219326984587,-1.3874283230164846
59,670.48,141.75,63.77,17.43,3.66,0.133474924,1.0,3.5821267549458895,5.395406281906214,3.2364249126965703,2.7114103530034637,0.8565787095441736,-1.4988615766195903
60,228.23,96.48,31.26,17.6,1.78,0.098074958,3.0,3.266787694537905,4.943113526561708,2.7941022128892126,2.7201352764238402,0.4755408065611479,-1.6565306393659278
61,568.08,168.45,52.44,27.46,1.91,0.080080626,3.0,3.5380709827013845,5.600215304874429,3.1189834366280986,3.1166379957640267,0.5217202376108407,-1.75233433983998
62,662.21,201.42,55.32,40.8,1.36,0.065290582,3.0,3.578879452016385,5.813627778534233,3.1513698653165982,3.4640911452764076,0.2769983690872569,-1.842955778177106
63,454.42,93.1,33.85,18.79,1.8,0.209709482,2.0,3.4762970521051666,4.901487969109152,2.845476511563216,2.778865556789864,0.48301160162745826,-1.2387677476367873
64,466.37,129.6,43.28,27.24,1.59,0.111065863,3.0,3.4836268250385434,5.289528267166084,3.0008805956131277,3.109526137724834,0.3967394935637946,-1.5946937331326143
65,495.7,139.0,36.87,34.5,1.07,0.102624088,3.0,3.5006958084772695,5.372231689499496,2.900063189909731,3.3175369711368066,0.06610054930922961,-1.6342661717639877
66,466.52,95.33,39.52,17.77,2.22,0.205338825,3.0,3.4837173862826525,4.929111326827511,2.943967979106463,2.72877322260575,0.6130411273912114,-1.2517170985030943
67,686.75,123.42,53.94,19.26,2.8,0.180338136,1.0,3.588376563059562,5.23193560871344,3.1360943817832103,2.8010056275049555,0.7365933540004941,-1.3297028499475088
68,1032.97,228.36,57.09,42.04,1.36,0.079233279,3.0,3.690177930713208,5.964275119367243,3.170346032338571,3.4901557990560805,0.2769983690872569,-1.7571981246880362
69,321.12,139.93,39.3,27.74,1.42,0.065600278,3.0,3.3743864116021864,5.3801180980059025,2.9404509870312974,3.1256044565187815,0.3113866732454366,-1.8409197068384195
70,228.02,75.73,32.35,12.52,2.58,0.159036577,1.0,3.266487256941427,4.661442365517341,2.816286444820015,2.4120968642922582,0.6952795890959342,-1.402282706637133
71,813.94,150.43,64.99,23.45,2.77,0.143874382,2.0,3.6317932134204582,5.465805108796096,3.247649631040595,2.976679675549396,0.7312874758585579,-1.4581478192579058
72,129.95,47.04,18.12,9.18,1.97,0.234910078,1.0,3.071894661081159,4.114289195941151,2.4279717031808596,2.1280181848988438,0.5412836525579663,-1.16752674688354
73,543.7,136.9,44.72,27.98,1.6,0.116041258,3.0,3.5261564284377744,5.354234511473195,3.021217899184545,3.13321559406006,0.4012794903324611,-1.5723359454864518
74,620.98,144.29,43.47,31.95,1.36,0.119306784,2.0,3.5619263120554985,5.416428532812298,3.003607270862509,3.2501353443242027,0.2769983690872569,-1.5580193952303738
75,703.0,139.4,38.71,37.46,1.03,0.144707076,3.0,3.5944429115451655,5.375629921299091,2.930908544303029,3.3895766291743405,0.029258807118466592,-1.4549768696209446
76,271.44,78.86,24.0,21.39,1.12,0.174590373,3.0,3.322370788297925,4.70838860884604,2.619794632514992,2.894779856877621,0.10900250570052679,-1.3486764819458488
77,217.47,68.88,21.47,18.99,1.13,0.183346688,3.0,3.2509491615220223,4.551795097440253,2.5445701370108065,2.788356293177237,0.11719634739821516,-1.319937623411108
78,166.48,55.76,23.03,10.7,2.15,0.214178823,2.0,3.160412558934497,4.308680573971089,2.592057922948598,2.2686974427635183,0.5943757262461533,-1.2257173701132107
79,500.6,92.91,37.56,20.27,1.85,0.231966845,1.0,3.5034285761215123,4.899104941263961,2.911829206219868,2.8467449865005743,0.5010889221026787,-1.1755661386448588
80,222.47,102.42,27.25,24.89,1.09,0.084832429,3.0,3.25842395861604,5.012964848019092,2.704279509834027,3.0296136997797776,0.08366059297920028,-1.725697785054593
81,125.83,46.92,18.42,9.21,2.0,0.228627349,1.0,3.0600465827717587,4.111377988723211,2.4393671613720587,2.1310222250459088,0.5506919380259192,-1.184773698013512
82,303.58,110.13,33.3,23.43,1.42,0.100120237,3.0,3.3572031404799225,5.098010862044807,2.8349456714068024,2.9759209556821893,0.3113866732454366,-1.646434209136166
83,363.99,138.41,36.22,27.63,1.31,0.07600016,1.0,3.412011509702765,5.367202014633015,2.8887502690204077,3.1220931622965575,0.2463189145525122,-1.7760933454771426
84,498.73,105.1,44.65,18.03,2.48,0.180600959,1.0,3.5023894853261845,5.043207793516899,3.020246428073297,2.7418197867575893,0.6744685333902505,-1.3288453074418538
85,180.84,56.0,23.38,10.46,2.24,0.230663265,1.0,3.1889833984080167,4.313604596089704,2.6022151592486273,2.247918997737835,0.6181924263153403,-1.1791493675240587
86,251.03,76.69,32.56,12.68,2.57,0.170729332,1.0,3.2975579710441516,4.676037485726342,2.8204637582861483,2.423652634518915,0.6932602179822497,-1.361665523142872
87,576.81,112.44,41.17,20.52,2.01,0.182495054,1.0,3.542188200024539,5.122373234441593,2.9696624643692866,2.8577017045095765,0.5537751854209668,-1.3226905759718086
88,329.8,115.72,27.23,24.13,1.13,0.098513056,3.0,3.3824762530083636,5.156147676304555,2.703794950688311,3.0020844398088813,0.11719634739821516,-1.65435583444404
89,560.72,155.35,44.9,34.08,1.32,0.092935903,3.0,3.5345401375558168,5.503985268974609,3.023708127745284,3.306798379360541,0.25261187151335246,-1.682557750281945
90,298.1,104.78,30.95,24.73,1.25,0.108608841,3.0,3.3515876285687023,5.039636114492736,2.7876335635264975,3.023891201875753,0.20678240991806923,-1.6059906834940623
91,509.48,151.57,35.64,33.91,1.05,0.088707559,3.0,3.5082997538008995,5.474757982362241,2.878460998480602,3.3024127261014615,0.04797641808538017,-1.704728534121562
92,145.07,94.9,24.44,20.24,1.21,0.064432529,3.0,3.111782683540759,4.923833771044008,2.631963048914124,2.8454207703640146,0.17859323383788522,-1.8486320458118934
93,865.15,185.5,47.33,39.55,1.2,0.100568871,3.0,3.6470164286172926,5.7151646448439495,3.0562661143682863,3.43697108955666,0.17129824093083754,-1.6442386355763605
94,145.05,53.65,22.45,10.11,2.22,0.201575744,1.0,3.111733282358144,4.2644871642764635,2.5748372382852254,2.216713368110618,0.6130411273912114,-1.2630197264627858
95,242.84,69.21,28.45,13.92,2.04,0.202788124,1.0,3.2869075636001206,4.557314201306388,2.7326424253568193,2.5083894306333647,0.5628712735880506,-1.259362478928002
96,165.61,77.27,24.43,16.37,1.49,0.11094934,3.0,3.1585867747315137,4.684770080865382,2.631689240843131,2.6549339943299026,0.348525115220464,-1.5952255649062677
97,846.03,201.83,50.3,35.89,1.4,0.083075758,3.0,3.641462924037539,5.816063000019855,3.093593650485171,3.352133472055536,0.30020108991834354,-1.7354219008532483
98,249.42,70.47,29.85,11.52,2.59,0.200901289,3.0,3.2954977025258727,4.57815587082451,2.764077340054737,2.3362102036175476,0.6972857648942468,-1.265060858030685
99,545.74,144.29,36.41,32.32,1.13,0.104851177,3.0,3.5271778752023706,5.416428532812298,2.892080613760249,3.2602543422054793,0.11719634739821516,-1.6236142631472095
100,726.78,204.35,51.49,42.16,1.22,0.069616739,3.0,3.603021920004711,5.830926564331698,3.107859003263532,3.4926357456728887,0.1857869613984005,-1.8150958459177946
101,127.74,46.42,17.75,9.93,1.79,0.237124611,1.0,3.065596556071016,4.099170028038769,2.4136212092438227,2.200225519332914,0.4792938522315103,-1.1615235361760952
102,275.61,93.33,30.16,20.35,1.48,0.126564652,3.0,3.327163742433553,4.904366409171865,2.77081356828036,2.8502663155337706,0.3434018471681553,-1.527142730400982
103,225.09,103.53,33.31,19.64,1.7,0.084000866,3.0,3.2622602950051975,5.025582526021282,2.8351388843641145,2.818500223939655,0.4441789893458327,-1.7302834203531834
104,190.96,72.29,32.04,9.56,3.35,0.146165861,1.0,3.2075222545239215,4.607633599884048,2.8100638128477797,2.1653378683040105,0.819363024316167,-1.4494519726462536
105,256.23,82.84,23.85,20.12,1.19,0.149351568,3.0,3.304104922930304,4.7655498168147785,2.6155888045055145,2.840103470080645,0.16389969533655077,-1.4375177360456342
106,373.58,126.58,37.46,22.03,1.7,0.093263869,3.0,3.419698725778006,5.261723744820373,2.9101391329373794,2.9210705353801734,0.4441789893458327,-1.680867454732897
107,125.29,46.43,17.97,8.99,2.0,0.232476486,1.0,3.0584590330429773,4.099415429643283,2.4221940494119676,2.108752886317722,0.5506919380259192,-1.174169039307694
108,314.75,100.75,28.86,25.25,1.14,0.124032535,3.0,3.3682798172159,4.9937303919051015,2.7420256161672514,3.0423510287412547,0.12526845354571445,-1.5377726348410925
109,197.55,111.82,37.06,16.42,2.26,0.063197231,3.0,3.2189686949954135,5.115882229285747,2.903327682095792,2.6576821819005465,0.6232665144017163,-1.856896319502134
110,396.64,142.85,37.98,30.28,1.25,0.077749215,3.0,3.4372480002279695,5.404554716764651,2.918872612096627,3.202897804370809,0.20678240991806923,-1.7658039583666936
111,264.78,107.76,34.06,19.64,1.73,0.091207385,3.0,3.3145286451594935,5.072497179210366,2.8494466652813406,2.818500223939655,0.45622696617262887,-1.6915350613620943
112,148.75,55.56,24.18,9.3,2.6,0.192749159,1.0,3.1207352335203207,4.3045615573254885,2.6248027357659875,2.1399738188960655,0.6992788820498732,-1.2901148362981034
113,394.79,116.5,31.36,27.14,1.16,0.116352116,3.0,3.435886024646126,5.1640432233216345,2.7961734816266253,3.1062737567820555,0.1410587797829476,-1.570961204574494
114,132.33,47.78,18.12,9.93,1.82,0.231860097,2.0,3.078534346198565,4.132084656793579,2.4279717031808596,2.200225519332914,0.49034330209144555,-1.1758590397008808
115,155.66,84.45,26.74,16.67,1.6,0.087304717,3.0,3.1368453019979885,4.787922349514731,2.691796491990705,2.6712941893585995,0.4012794903324611,-1.7122452035525773
116,126.04,46.46,17.94,9.47,1.89,0.233566189,3.0,3.0606617453361946,4.100151328225073,2.4210320037989046,2.1566398573550662,0.514966290362661,-1.1711888745862629
117,350.49,108.33,31.47,25.0,1.26,0.119464298,3.0,3.4007659228877456,5.078682533500828,2.798443306700994,3.0335258275829187,0.21359261319142167,-1.5573357091074336
118,331.51,110.6,33.81,24.03,1.41,0.108404265,3.0,3.384039716371311,5.103007455796902,2.8447171483098908,2.998395362341481,0.30582742637964944,-1.606939217524431
119,864.81,190.41,45.24,41.39,1.09,0.095411602,3.0,3.646918970903939,5.7463760967470545,3.028381375586745,3.4765938605864224,0.08366059297920028,-1.6698985612681645
120,659.23,195.24,51.92,39.12,1.33,0.069176623,3.0,3.577697314410738,5.7763294685083455,3.1129226522280855,3.427435778477675,0.2588247062271688,-1.8178745382695933
121,873.31,183.47,44.47,43.22,1.03,0.103776329,3.0,3.6493416488612187,5.702026710535047,3.017740465849305,3.5142291537921087,0.029258807118466592,-1.6287354208337628
122,429.66,135.0,40.13,20.31,1.98,0.094301235,3.0,3.4603417655409916,5.337720048005368,2.9536055132056798,2.848507449342205,0.5444465305864357,-1.675547882891689
123,159.73,69.63,24.79,13.58,1.83,0.131781271,3.0,3.145935725032772,4.564301864106455,2.641467667994426,2.4859593400148543,0.4939582720227488,-1.5056977368066835
124,484.95,96.64,41.54,17.41,2.39,0.207703164,3.0,3.4945845924380485,4.945048869752558,2.975265199435924,2.7103780931133383,0.6544867607341835,-1.2446886749206048
125,126.31,46.67,17.92,9.46,1.89,0.23196482,3.0,3.061450854478442,4.105289801773695,2.420256090737532,2.1556681233420996,0.514966290362661,-1.175571694085298
126,225.97,78.3,25.23,18.39,1.37,0.147430471,3.0,3.2635367676314644,4.70012304318477,2.653204225572899,2.7595656739636114,0.282906392520042,-1.444693215694215
127,373.17,113.68,32.46,22.64,1.43,0.115504415,2.0,3.41937496662559,5.135252163498837,2.8184783558907722,2.9454016511005197,0.3168800945734796,-1.5747160858898483
128,375.27,111.41,34.53,22.36,1.54,0.120935969,3.0,3.4210287352112014,5.1115706649947255,2.858233271516277,2.9343187851964028,0.373294279555626,-1.5509778380249368
129,292.04,115.68,27.87,24.65,1.13,0.087294277,3.0,3.34523094406862,5.155741391914985,2.7191053890797914,3.0210155354490897,0.11719634739821516,-1.7123014545295632
130,450.97,121.07,43.81,17.65,2.48,0.123065001,3.0,3.474137580628114,5.209301421477575,3.008453262239914,2.722684801133543,0.6744685333902505,-1.541873949173393
131,843.67,202.55,51.77,38.12,1.36,0.082256098,3.0,3.640766962907376,5.820327944666218,3.1111616425063957,3.4048335688571503,0.2769983690872569,-1.7400077994805196
132,128.66,46.79,17.87,9.56,1.87,0.23507013,3.0,3.0682342400651113,4.1082160530981735,2.418312035272478,2.1653378683040105,0.5080903662539253,-1.1670915667249813
133,560.1,156.55,48.49,25.8,1.88,0.091415412,3.0,3.534240151601046,5.513120224528616,3.071150982366372,3.061451595726208,0.5115437936035909,-1.6904484560252482
134,172.97,76.23,22.17,18.31,1.21,0.11906358,3.0,3.173679194509752,4.669066149033538,2.566343623452661,2.755653473850789,0.17859323383788522,-1.5590762424357507
135,131.21,47.21,17.94,9.84,1.82,0.235482656,1.0,3.0754278874578627,4.118401148908412,2.4210320037989046,2.1918649635791607,0.49034330209144555,-1.1659708544208016
136,464.23,143.99,38.86,31.64,1.23,0.089562979,3.0,3.4823309789862282,5.4139642904486935,2.933350034228096,3.2415632398369962,0.19288164222021004,-1.7001852635836803
137,1186.52,210.74,62.93,38.6,1.63,0.106866381,2.0,3.722835048388397,5.8678368169664665,3.2285549601237946,3.4157584154962395,0.41461619233654146,-1.614109631825501
138,132.89,47.64,18.03,9.58,1.88,0.234211808,3.0,3.080075706415204,4.128738462975232,2.4245116027299707,2.167259224423525,0.5115437936035909,-1.1694277370080175
139,440.95,167.68,37.23,36.99,1.01,0.062731664,3.0,3.46775097903265,5.59476241604785,2.906232612804396,3.3785408887992956,0.009916182190063412,-1.8600399588029124
140,167.53,62.53,28.02,8.72,3.21,0.17138615,3.0,3.1626008248996964,4.440301206535274,2.722636544491534,2.080636752176344,0.8005813835169282,-1.3594416817480082
141,613.53,225.82,57.92,40.98,1.41,0.048125027,3.0,3.558718113997752,5.9508260005580675,3.1790176468510736,3.4679253068315585,0.30582742637964944,-1.9681126931274087
142,1899.77,188.93,76.62,35.7,2.15,0.212891914,1.0,3.8270381506873217,5.737050812076717,3.344042208959359,3.34748727363741,0.5943757262461533,-1.2294556789579292
143,344.1,101.24,30.47,21.39,1.42,0.134288985,2.0,3.395259281323276,4.999405770035216,2.777472298508892,2.894779856877621,0.3113866732454366,-1.495597054740348
144,744.19,159.93,47.21,36.0,1.31,0.116381499,2.0,3.6090909533976467,5.538491350477712,3.054702901392529,3.354811729981661,0.2463189145525122,-1.5708313922432262
145,755.59,243.26,51.69,41.73,1.24,0.051074578,3.0,3.6129728941406993,6.040372750026288,3.1102200870695147,3.483715131197633,0.19987942878195164,-1.9446247013997329
146,548.16,152.1,39.11,35.64,1.1,0.094778298,3.0,3.5283836355785927,5.478898154070894,2.937395701713187,3.3460147229989583,0.09223772640083663,-1.673115084354529
147,208.69,120.31,27.84,25.85,1.08,0.057671092,3.0,3.237307990924919,5.201890534090031,2.718396590645063,3.0631670237623987,0.07494932365366418,-1.895298080374675
148,736.42,151.29,65.04,20.98,3.1,0.128696021,1.0,3.606403764316056,5.472565072532671,3.2481045892312923,2.877505024985202,0.7848238015916343,-1.5183084603435142
149,706.46,124.27,54.32,19.84,2.74,0.182984781,1.0,3.595712747470987,5.240020038380924,3.140344189569073,2.827567417269815,0.72588350369292,-1.321106425756785
150,390.24,131.84,39.7,23.99,1.65,0.089804352,3.0,3.4325032907751445,5.30975010323778,2.946829163867682,2.996915270738276,0.4232789705935754,-1.6989087181939457
151,253.42,126.17,31.11,19.33,1.61,0.063677891,3.0,3.300587169815388,5.257899648970642,2.790981282693433,2.8042550668746364,0.4057717461133307,-1.8536675051073481
152,198.42,86.14,23.55,22.56,1.04,0.106963524,3.0,3.2204453748628183,4.81096759764028,2.607087092954325,2.942249689003998,0.03869371599102605,-1.6136545995671412
153,886.85,206.04,52.31,45.27,1.16,0.083561664,3.0,3.653142679194179,5.84079572200501,3.1174746037464063,3.5544740983210072,0.1410587797829476,-1.732718053147272
154,125.73,46.58,17.94,8.97,2.0,0.231792798,3.0,3.05975321280453,4.103090339424402,2.4210320037989046,2.1067004385591437,0.5506919380259192,-1.1760437462855318
155,2078.93,235.07,103.11,35.2,2.93,0.150489238,1.0,3.845860545854356,5.999120764954138,3.5129418212284333,3.3351368069611427,0.7585181877967914,-1.4332984408602423
156,1247.42,252.65,73.29,51.23,1.43,0.078168916,3.0,3.7344021626344386,6.086049254873604,3.3182211250552895,3.6615451743589533,0.3168800945734796,-1.7633587600539438
157,251.61,95.57,30.16,19.36,1.56,0.110190643,3.0,3.2982962777210028,4.932046948541586,2.77081356828036,2.805643949214926,0.38282483698595865,-1.598697861349872
158,1044.76,193.24,86.26,22.09,3.9,0.111913498,1.0,3.692887493174764,5.764014218987679,3.4122070887728886,2.92349455378121,0.881917085818668,-1.5908365268806886
159,945.31,161.07,71.02,23.38,3.04,0.145748779,1.0,3.6687858418177903,5.546931777746933,3.2998503785438316,2.9740212132269104,0.775823832246626,-1.4510276963045605
160,265.3,109.62,27.47,26.72,1.03,0.088311578,1.0,3.3151494675105515,5.092565668790611,2.7095833840131447,3.0924766618367725,0.029258807118466592,-1.7068419018977237
161,488.08,139.75,41.1,31.01,1.33,0.099964862,3.0,3.496380685251449,5.378595655879546,2.968596111636847,3.2238708447782147,0.2588247062271688,-1.647196184143666
162,1033.14,152.13,65.75,24.61,2.67,0.178562163,1.0,3.6902172645241844,5.4791320864613775,3.2545228249913634,3.0195740700589813,0.7128761430566825,-1.3355202621057578
163,611.95,171.39,48.42,33.98,1.42,0.083330689,3.0,3.5580316762306703,5.620816269998867,3.0702641744106702,3.3042213390782105,0.3113866732454366,-1.7340019668578848
164,242.0,110.71,31.4,24.7,1.27,0.078977186,3.0,3.285790761906973,5.104173909013379,2.7969999081328267,3.0228139592114602,0.22031200715943502,-1.7586751686439177
165,124.53,46.58,18.01,8.2,2.2,0.229580507,3.0,3.0562106671337306,4.103090339424402,2.4237400508677753,2.0238483034386516,0.6078107311284195,-1.1821362581834551
166,3635.12,442.27,121.05,72.31,1.67,0.074336786,3.0,3.955073788862206,6.7682112677455875,3.601592175718857,3.957312119913388,0.4317659473709999,-1.7860315498687265
167,1049.15,218.53,51.87,51.0,1.02,0.087877045,1.0,3.693886988819071,5.911398404118886,3.112336286072031,3.6576584239225047,0.019667681341023837,-1.7091685688353573
168,1927.57,319.96,94.48,59.46,1.59,0.075314531,3.0,3.8300959961547774,6.372226062760969,3.463876996923655,3.7898639450895026,0.3967394935637946,-1.7801714095101226
169,380.19,148.22,37.37,29.15,1.28,0.069222465,3.0,3.4248599510297715,5.448260839970033,2.908613718710684,3.1693755951143308,0.22694250353937007,-1.817584544046698
170,575.05,192.77,49.59,38.16,1.3,0.061899438,3.0,3.54136422896313,5.7611022708855995,3.0849002217398778,3.4057494076643997,0.23994417853023506,-1.8656997679342793
171,900.43,271.75,58.87,47.94,1.23,0.048772031,3.0,3.656885270035336,6.174105111916261,3.188772912655987,3.604145206489534,0.19288164222021004,-1.9628770441865748
172,398.34,179.46,47.34,38.05,1.24,0.049474178,3.0,3.438492806673159,5.675656555386723,3.05639618067382,3.403228449862656,0.19987942878195164,-1.9572491694187766
173,657.74,199.36,49.47,42.26,1.17,0.066196983,3.0,3.577103825879011,5.801319339000945,3.0834170724622076,3.4946967815567707,0.14878243655178608,-1.8370153608396846
174,124.81,46.82,18.08,9.29,1.95,0.227743796,1.0,3.057040933377719,4.108946483118163,2.4264362747620236,2.13898364470192,0.5348757020191118,-1.1872253285527268
175,1299.71,232.01,70.17,37.88,1.85,0.096581299,3.0,3.7438031776222642,5.983350712696415,3.2928006978242674,3.3993175173491452,0.5010889221026787,-1.6639962817209404
176,358.38,90.35,38.85,14.65,2.65,0.175609272,1.0,3.40740044882008,4.866529448036837,2.9331875985451665,2.5546868620049867,0.7090532382613479,-1.3452819126194169
177,539.88,181.56,56.06,33.29,1.68,0.0655114,3.0,3.524231227724436,5.68953654761309,3.15938539245825,3.2862224663541726,0.43594527288399204,-1.8415033475962248
178,355.29,139.01,36.49,26.06,1.4,0.073544617,3.0,3.4048233214174637,5.372316760365307,2.893477015798289,3.070334434340272,0.30020108991834354,-1.7908185985298306
179,353.68,98.12,43.59,12.42,3.51,0.146945203,1.0,3.403469809751865,4.962805470485199,3.0053224779865815,2.4047964594246842,0.8392655124472854,-1.4465159444459248
180,1628.82,193.99,85.56,29.6,2.89,0.173130825,1.0,3.794079993440136,5.768646804762514,3.4075528058629723,3.1828840058214887,0.7519499189909465,-1.35356304098883
181,970.48,205.37,53.89,38.83,1.39,0.092039145,3.0,3.675165598624979,5.836892486340137,3.13553268832832,3.420943403274707,0.2945063662714666,-1.687200660820427
182,153.09,112.73,32.07,17.9,1.79,0.048186768,3.0,3.130956178563023,5.125397489971597,2.81066895909885,2.735321074472454,0.4792938522315103,-1.9676109854404067
183,519.64,171.27,42.01,37.91,1.11,0.070859808,3.0,3.5137489932757706,5.6199821198503885,2.9823017199854505,3.400009003103722,0.10068398083393759,-1.8073126407634048
184,220.58,119.95,32.26,23.42,1.38,0.061323314,3.0,3.255622529311695,5.198364315312748,2.8144868130035388,2.975541343802228,0.288741923178004,-1.8696487345281774
185,309.98,88.5,40.01,11.59,3.45,0.158309553,1.0,3.3636086135924086,4.842428731174186,2.951722692051755,2.341740804432793,0.8319851461163239,-1.4048754011078848
186,653.46,116.75,50.14,19.21,2.61,0.191763179,3.0,3.575389979779727,5.166563043259654,3.091646677806438,2.798677090766959,0.7012590753013553,-1.29319435849913
187,440.49,141.89,37.22,33.23,1.12,0.087517009,3.0,3.467453588349245,5.396574429429753,2.9060621482389823,3.28463909814822,0.10900250570052679,-1.711102375443874
188,161.43,62.14,27.97,8.45,3.31,0.167225206,3.0,3.149650348074894,4.433101554154589,2.7214618620331197,2.051602763705991,0.8141340782232187,-1.3736306655804043
189,473.62,118.24,51.53,18.17,2.84,0.135506829,1.0,3.4879642178958936,5.181473916313067,3.1083320450472947,2.748764269570441,0.7435200969366168,-1.490738718207325
190,297.47,77.18,33.43,12.55,2.66,0.199753141,1.0,3.350934076118086,4.6834191820706,2.837452359311341,2.4142751961128446,0.7109707677594217,-1.268546460076409
191,381.66,96.42,37.55,15.37,2.44,0.164211052,3.0,3.42599305317654,4.94238697342561,2.9116604269703212,2.5980633054775395,0.6657416841909678,-1.384062087583947
192,457.65,117.82,37.0,25.99,1.42,0.131872859,2.0,3.478300968976809,5.177289306044145,2.9022988291529788,3.0679519746590502,0.3113866732454366,-1.5053265093390553
193,885.04,189.03,47.69,45.71,1.04,0.099074393,3.0,3.6526386327134666,5.7376831181053065,3.060929116445736,3.5628654381429983,0.03869371599102605,-1.6515789880606333
194,725.57,205.45,51.21,37.91,1.35,0.068758599,3.0,3.6025936154479172,5.8373591905171,3.1045360838654106,3.400009003103722,0.2710164092893774,-1.8205250811186984
195,409.59,133.55,31.37,29.25,1.07,0.091858966,3.0,3.4465721719367712,5.324965141251973,2.796380199457663,3.172396067226729,0.06610054930922961,-1.6881372924567153
196,1056.49,182.58,59.99,36.52,1.64,0.126770726,3.0,3.695546910227674,5.69622239367676,3.2000487266073825,3.367358738998326,0.41896991711572124,-1.526284111556252
197,260.78,88.18,28.57,19.13,1.49,0.134151052,3.0,3.3097033818326356,4.838210645648854,2.735404402526829,2.794938324808323,0.348525115220464,-1.4961492257257554
198,159.02,57.13,24.77,9.46,2.62,0.194887189,1.0,3.1443701799652644,4.336517950078019,2.6409286272145414,2.1556681233420996,0.7032264774877437,-1.2834742898014009
199,349.66,144.67,36.91,30.45,1.21,0.066826541,3.0,3.4000575345409128,5.419542810967967,2.9007520228445824,3.207828425922182,0.17859323383788522,-1.8329223156431367
200,149.02,62.92,20.06,14.86,1.35,0.150566073,3.0,3.1213815378833276,4.447457610303593,2.4981791588615945,2.5675628018228753,0.2710164092893774,-1.4330142769318397
201,362.28,81.13,33.14,15.34,2.16,0.220161512,1.0,3.4106151319000393,4.741322941213156,2.831845350858573,2.5962984124945256,0.5971047788232086,-1.2085392331539575
202,157.34,55.36,23.28,10.16,2.29,0.2053558,1.0,3.1406319703333403,4.30042819219607,2.5993306502649283,2.2212393163880924,0.6307368530145102,-1.2516664385512333
203,220.42,68.98,29.71,11.31,2.63,0.185295388,1.0,3.255384042775009,4.553470245787265,2.7610093109642397,2.319406841424195,0.7051812195825009,-1.3136714081029006
204,462.71,147.29,36.07,35.2,1.02,0.085314402,3.0,3.4814061805831313,5.440802294214831,2.8861071270935157,3.3351368069611427,0.019667681341023837,-1.7230541530611552
205,499.82,134.48,38.65,28.46,1.36,0.110549866,3.0,3.5029957286694016,5.333161161691095,2.929928964633675,3.1482367845698715,0.2769983690872569,-1.5970517692032247
206,751.07,198.82,58.75,33.05,1.78,0.076001168,3.0,3.6114422455575093,5.798072530163311,3.1875504848877085,3.2798711409705286,0.4755408065611479,-1.7760873687205438
207,399.05,148.77,36.47,31.73,1.15,0.072120143,3.0,3.4390108008267695,5.452650562605373,2.893128238619607,3.244060858235425,0.13322167701795282,-1.7995170199666162
208,971.06,194.47,60.79,35.32,1.72,0.102707185,3.0,3.6753102496442236,5.771602588280235,3.2079587480232705,3.33811743819763,0.4522504778745959,-1.6338658756945623
209,131.99,58.13,26.0,8.38,3.1,0.15624293,2.0,3.07759467662352,4.356432993498835,2.673199090957815,2.043918269579157,0.7848238015916343,-1.412290541142941
210,269.61,64.99,24.95,15.34,1.63,0.255330628,1.0,3.320239281928799,4.484738645767465,2.645762447775502,2.5962984124945256,0.41461619233654146,-1.1135804044923467
211,383.84,100.57,43.69,15.68,2.79,0.151800542,3.0,3.4276637794277223,4.991638860209407,3.006747761687875,2.6160940701635336,0.73483545195603,-1.4284624290369852
212,122.46,46.0,17.88,9.13,1.96,0.231493384,3.0,3.050001924653482,4.088816771475852,2.4187013358475205,2.122988751356621,0.5380935017430274,-1.1768659572114804
213,141.87,62.36,28.13,8.34,3.37,0.145927905,1.0,3.1037722701945873,4.437168245012605,2.725212560500805,2.039497180089971,0.8219380831593277,-1.4503505824333198
214,285.88,138.46,31.95,27.37,1.17,0.059647893,3.0,3.3386041786830623,5.367629060721266,2.808244539776308,3.1137357675859065,0.14878243655178608,-1.8812802807546731
215,451.74,146.81,37.51,35.02,1.07,0.083837296,3.0,3.4746212731529407,5.436934903626724,2.9109848036092627,3.3306460405908007,0.06610054930922961,-1.7311891097748051
216,404.6,143.01,34.35,33.73,1.02,0.079132167,3.0,3.443021979617462,5.405879725604669,2.8548841869745445,3.2977441668667127,0.019667681341023837,-1.7577809045431172
217,179.57,74.27,24.96,14.41,1.73,0.130216772,2.0,3.186568689239188,4.638899381034305,2.646029841376025,2.5397349900741792,0.45622696617262887,-1.512066717142056
218,410.68,138.05,37.82,30.71,1.23,0.086196717,3.0,3.4473407245026677,5.3641228762787865,2.9161997967673057,3.215314418881994,0.19288164222021004,-1.7182412410683754
219,135.2,57.59,16.83,15.46,1.09,0.163058156,3.0,3.0863520003454084,4.345720350683028,2.3764279900390326,2.6033366244178078,0.08366059297920028,-1.388087009924464
220,872.2,258.51,60.58,44.87,1.35,0.052206115,2.0,3.6490268938464814,6.113730561374056,3.2058937604946083,3.5467718702097533,0.2710164092893774,-1.9358627518274139
221,1238.67,289.46,67.4,53.92,1.25,0.059134169,3.0,3.732782621649558,6.250565452530534,3.2691418860360346,3.705704689066359,0.20678240991806923,-1.884891939134986
222,344.15,86.94,38.2,13.89,2.75,0.182124551,1.0,3.3953028468704547,4.821724683096064,2.9225271078736172,2.5064332873365482,0.7276959047694471,-1.3238910169951408
223,122.18,45.85,17.8,9.27,1.92,0.232477771,1.0,3.0491523801304092,4.085097036574161,2.4155800457995094,2.136999975466923,0.5250525398544246,-1.1741655193604688
224,397.04,222.73,57.42,39.03,1.47,0.03201377,3.0,3.4375414740740666,5.9342662454405755,3.1738106742763197,3.425426260373158,0.33821969208979114,-2.1179504803185654
225,374.14,152.97,41.82,31.49,1.33,0.063956045,3.0,3.420140241579541,5.485664164978826,2.979467892653503,3.2373841217380335,0.2588247062271688,-1.8518066998197698
226,666.87,130.32,56.6,19.86,2.85,0.157064859,1.0,3.5807152255457795,5.296064722904409,3.16515975296876,2.8284689174116657,0.745226062046349,-1.4093333551002036
227,122.73,45.99,17.9,9.2,1.95,0.232104685,3.0,3.0508189122322804,4.088569153949382,2.4194792021931923,2.1300220074599205,0.5348757020191118,-1.1751880633303675
228,272.44,107.64,30.9,20.89,1.48,0.094055346,1.0,3.3235282352210938,5.071190972723524,2.7865834042310054,2.8736661297328787,0.3434018471681553,-1.676805123005945
229,1078.67,297.92,77.81,60.28,1.29,0.048612647,3.0,3.7004795376092994,6.285508304594808,3.352964546059798,3.801625441021696,0.23348595927794386,-1.9641623279054123
230,678.53,210.2,50.19,47.34,1.06,0.061427611,3.0,3.5852416005493564,5.864759755717674,3.092255857218176,3.5932375849550673,0.05711078367264145,-1.8689319505367488
231,125.75,46.82,18.13,8.94,2.03,0.229459037,3.0,3.0598119093089973,4.108946483118163,2.428354964125278,2.103612850009096,0.5598645135019538,-1.182471951250019
232,193.24,72.56,26.64,15.43,1.73,0.14681231,3.0,3.2115356796524934,4.611945483460081,2.689317415846761,2.601582397329554,0.45622696617262887,-1.4470158325903621
233,138.46,79.23,24.63,16.79,1.47,0.08822771,3.0,3.0949927131354054,4.713818735565738,2.6371415691016544,2.6777529283943804,0.33821969208979114,-1.7072903485964055
234,121.63,45.95,17.89,9.07,1.97,0.230425037,1.0,3.047476774354325,4.087578163443474,2.4190903913907373,2.1169155846399987,0.5412836525579663,-1.1798057097855414
235,160.02,87.38,27.26,15.56,1.75,0.083832067,3.0,3.1465727603920546,4.827600391743386,2.7045216392944273,2.609158651640602,0.46406447306498827,-1.7312180829460857
236,204.61,72.53,32.42,10.68,3.03,0.155579185,3.0,3.230731325781168,4.611467151398481,2.81768226614533,2.26698445989524,0.7742945706006688,-1.414686454885633
237,351.9,110.26,35.22,24.56,1.43,0.115782596,3.0,3.4019647033041114,5.0993949563819685,2.8708917621226275,3.0177688171660515,0.3168800945734796,-1.5734817945230375
238,120.75,45.64,17.86,9.67,1.85,0.231876032,1.0,3.0447767048134353,4.079869609665702,2.4179224893740385,2.1758541500369804,0.5010889221026787,-1.1758153104548503
239,130.34,47.07,17.89,10.31,1.73,0.235314837,1.0,3.0729926791679696,4.115015876748034,2.4190903913907373,2.234679813023523,0.45622696617262887,-1.1664266057427155
240,180.66,72.75,24.42,15.49,1.58,0.136538775,3.0,3.188642402351434,4.614970490584832,2.631415306570641,2.605087324288576,0.39215094337183815,-1.4866455326506471
241,225.42,84.64,28.0,16.06,1.74,0.125863883,2.0,3.262739676531081,4.790535354820679,2.7221669548939116,2.6376984658961544,0.4601647660591809,-1.5300697684332534
242,124.8,46.19,17.78,9.63,1.85,0.233979954,3.0,3.0570113197129625,4.0935116505862625,2.4147972553864805,2.172044470802266,0.5010889221026787,-1.1700598085321228
243,214.12,73.85,32.64,12.29,2.66,0.157042148,2.0,3.245824099163823,4.632335096783154,2.8220471441767936,2.3952142525663613,0.7109707677594217,-1.4094149223502939
244,122.57,45.86,17.85,8.8,2.03,0.233118144,3.0,3.0503350334753034,4.085345384378613,2.4175326978601177,2.0890605567756113,0.5598645135019538,-1.1724130415747214
245,1041.68,205.27,49.95,40.11,1.25,0.098887945,3.0,3.69218322371551,5.836308859086118,3.089325543275152,3.44922921673211,0.20678240991806923,-1.6525001091380171
246,124.64,46.23,17.85,9.3,1.92,0.233275777,1.0,3.056537111452121,4.094497668633409,2.4175326978601177,2.1399738188960655,0.5250525398544246,-1.171982165061124
247,137.55,54.21,18.99,13.62,1.39,0.187224109,3.0,3.092605622857583,4.276377708121086,2.4604539146430495,2.488628226817697,0.2945063662714666,-1.3075140971532169
248,124.11,45.98,17.61,9.66,1.82,0.23481662,3.0,3.0549610364348796,4.08832148440516,2.4081032483898714,2.1749032646983593,0.49034330209144555,-1.167780953179009
249,126.42,46.31,17.72,9.74,1.82,0.235790452,3.0,3.0617717602766485,4.096467234694548,2.412442923336189,2.18248192411101,0.49034330209144555,-1.1651355458703556
250,341.29,103.01,31.51,22.17,1.42,0.12865444,3.0,3.3927985504742826,5.019687896463506,2.7992664840514108,2.926715976725255,0.3113866732454366,-1.518479838439692
251,127.28,46.79,18.0,9.68,1.86,0.232548781,3.0,3.0642691065396694,4.1082160530981735,2.4233539131480004,2.176804015986162,0.504605561122534,-1.1739710254975224
252,258.14,87.81,34.04,14.68,2.32,0.133914419,3.0,3.306469535511362,4.8333150116253,2.849069744208485,2.556537959786388,0.6380434759714628,-1.497097424948858
253,142.1,57.14,24.68,8.89,2.78,0.174089909,1.0,3.1043552579029345,4.33671876223988,2.63849686541832,2.0984429094009918,0.7330668605096602,-1.350348843139532
254,255.59,91.28,40.8,9.43,4.33,0.122702267,3.0,3.3033078322748026,4.878465454051854,2.964002756110525,2.1527465159727397,0.9212928716893153,-1.5434172948217257
255,191.97,58.66,23.44,12.03,1.95,0.223156345,1.0,3.2093072238159395,4.366854179515073,2.603939205895049,2.3757303869251505,0.5348757020191118,-1.200061040824083
256,224.1,69.03,30.24,10.53,2.87,0.188116158,2.0,3.260817048452441,4.554306940428793,2.7725393015982056,2.254030042765369,0.748607803606476,-1.3046811021767049
257,250.83,102.46,28.69,19.83,1.45,0.09557202,3.0,3.2973029053083067,5.013421828693492,2.7381533507782367,2.8271163136617257,0.3276743557048593,-1.6690861472043965
258,210.41,66.66,28.32,12.12,2.34,0.189406879,1.0,3.240034193731499,4.513988863047406,2.729635444798796,2.3825238114759975,0.6428263990788345,-1.3005983725215886
259,391.83,106.93,37.62,19.06,1.97,0.137075091,3.0,3.4336907722270156,5.06343368085804,2.9128408205592966,2.7916535772571502,0.5412836525579663,-1.484526683207315
260,348.71,137.23,35.3,30.34,1.16,0.074067258,3.0,3.3992442350504053,5.357080226845632,2.8723413295304354,3.204641294949312,0.1410587797829476,-1.787656325843568
261,131.08,68.44,18.07,16.21,1.11,0.111937711,2.0,3.075065245465489,4.544396424035355,2.426051820095061,2.646080924742271,0.10068398083393759,-1.5907266412762575
262,176.28,56.13,23.65,11.2,2.11,0.22380663,1.0,3.180216238753551,4.31626326953206,2.6099344780780958,2.310475454881975,0.5832412296298082,-1.1982305211325146
263,398.5,119.31,36.51,26.36,1.38,0.111978495,3.0,3.438609634903798,5.192070163216328,2.8938255778415667,3.0804703438063745,0.288741923178004,-1.5905415887851984
264,485.6,151.18,42.82,29.0,1.48,0.084986508,3.0,3.4949587312442816,5.471702499399024,2.9942229782568774,3.164824675819847,0.3434018471681553,-1.7248515329678662
265,157.73,53.36,21.64,10.7,2.02,0.221586171,1.0,3.141504046237645,4.258282356915981,2.549930707519685,2.2686974427635183,0.5568325963116572,-1.204496240865502
266,345.82,121.47,40.24,20.62,1.95,0.093750164,3.0,3.3967535656872085,5.213183857203003,2.9553258730732366,2.862045675747219,0.5348757020191118,-1.6783686918229912
267,344.1,95.65,33.83,20.52,1.65,0.150443946,3.0,3.395259281323276,4.933023906717051,2.8450969562818997,2.8577017045095765,0.4232789705935754,-1.4334659941871277
268,652.45,143.45,47.44,31.67,1.5,0.126825365,3.0,3.574983568987185,5.409516129304628,3.0576951450757432,3.242396597171468,0.3535905539261798,-1.5260566168124152
269,349.77,103.96,26.45,23.6,1.12,0.12945237,3.0,3.400151533862008,5.030435367044204,2.6845781788751344,2.9823487702208347,0.10900250570052679,-1.5151977846530795
270,346.05,113.2,35.79,22.42,1.6,0.108020452,3.0,3.396952703131208,5.130282945398199,2.881139992025759,2.936705757043721,0.4012794903324611,-1.608722140154596
271,187.95,67.07,24.1,14.41,1.67,0.16712665,3.0,3.2021344086401755,4.521061786821868,2.62258211132635,2.5397349900741792,0.4317659473709999,-1.373969686877857
272,178.86,72.91,22.48,17.39,1.29,0.134585732,3.0,3.1852097386380684,4.6175119513508305,2.5757401890712894,2.709344602528275,0.23348595927794386,-1.4944104488810916
273,121.48,46.14,18.03,8.83,2.04,0.228249374,3.0,3.0470182042880127,4.092277967405253,2.4245116027299707,2.0921990227263523,0.5628712735880506,-1.1858216783003332
274,252.95,78.87,30.55,14.9,2.05,0.162656339,3.0,3.29999419874408,4.70853569234233,2.7791783050113197,2.5699939536490053,0.565853207100541,-1.3894944280552282
275,123.83,46.27,17.91,9.7,1.85,0.231359249,3.0,3.0541251120131596,4.0954828628696465,2.419867768545442,2.178700698286395,0.5010889221026787,-1.1772345391628918
276,260.2,107.27,29.78,20.64,1.44,0.090450448,3.0,3.3089963104960995,5.067154628937155,2.762545355129988,2.8629118475680047,0.3223089219829067,-1.6955033421566268
277,1219.63,163.91,68.43,29.91,2.29,0.181583837,1.0,3.7292103152102,5.567710407712533,3.2780649352715736,3.1920664598842956,0.6307368530145102,-1.325645977643036
278,126.31,46.55,17.92,8.96,2.0,0.233162313,3.0,3.061450854478442,4.102356272931956,2.420256090737532,2.1056724340001693,0.5506919380259192,-1.1722922890493066
279,378.92,125.71,32.98,31.24,1.06,0.095910878,3.0,3.42387674913287,5.253594884026183,2.828728133718329,3.2303728272367214,0.05711078367264145,-1.6673731402074856
280,624.65,107.73,43.81,21.6,2.03,0.215289781,3.0,3.5634897047454164,5.0721707593710486,3.008453262239914,2.9034954066740033,0.5598645135019538,-1.2225026342153458
281,122.21,45.92,17.87,9.18,1.95,0.231826446,3.0,3.0492435150306108,4.0868343735203725,2.418312035272478,2.1280181848988438,0.5348757020191118,-1.1759513924807128
282,164.86,67.44,23.23,13.29,1.75,0.144990706,3.0,3.1570035125582296,4.527408906375151,2.5978831603492747,2.4663625833190563,0.46406447306498827,-1.453899667143101
283,219.41,93.36,27.55,20.44,1.35,0.100691943,3.0,3.253873761253606,4.904741352570441,2.7115002201886864,2.8542106885979552,0.2710164092893774,-1.643637515288631
284,358.17,112.54,51.59,11.99,4.3,0.113118953,3.0,3.4072261544468616,5.123416931462889,3.1090408332018553,2.37269414816013,0.9187628506269745,-1.5853856431474953
285,567.47,183.7,47.23,34.8,1.36,0.067264294,3.0,3.53778044710412,5.703522279634179,3.0549637473112443,3.325124700790332,0.2769983690872569,-1.8300919548405556
286,270.48,85.94,29.89,18.56,1.61,0.14648881,3.0,3.3212547900617504,4.808263247841766,2.7649509452785797,2.767820812898054,0.4057717461133307,-1.4482340126780908
287,186.07,73.42,28.28,13.64,2.07,0.138072627,3.0,3.1987161589532254,4.625577051343949,2.7287070927845334,2.4899596231131937,0.5717438870247219,-1.4806008499468064
288,489.4,156.98,51.83,27.59,1.88,0.079439281,3.0,3.497133982584696,5.516377129268432,3.1118667348225664,3.1208127318968812,0.5115437936035909,-1.7560123771526157
289,123.31,46.67,18.12,8.94,2.03,0.226455403,3.0,3.052566615186674,4.105289801773695,2.4279717031808596,2.103612850009096,0.5598645135019538,-1.1908120868494463
290,170.61,61.68,25.94,10.55,2.46,0.179380712,1.0,3.1689254958172635,4.4245533375788035,2.6716651422435196,2.255768318010808,0.6701351099810634,-1.332834065507736
291,119.94,45.8,17.92,9.21,1.95,0.228714174,1.0,3.042270351411196,4.083854512145556,2.420256090737532,2.1310222250459088,0.5348757020191118,-1.1845331344954704
292,122.79,46.26,17.98,7.32,2.46,0.229515349,3.0,3.0510001706318404,4.09523664146626,2.4225809127058837,1.9186540591174945,0.6701351099810634,-1.1823163128103218
293,868.96,201.92,47.36,44.87,1.06,0.085251318,3.0,3.648105378852598,5.816596921151018,3.0566562205201686,3.5467718702097533,0.05711078367264145,-1.723399582438481
294,135.25,57.55,20.71,11.66,1.78,0.163345287,3.0,3.086486417809961,4.3449229659117545,2.5200065545405392,2.3472368668223638,0.4755408065611479,-1.3870827617541475
295,341.95,126.31,48.94,14.78,3.31,0.085732824,1.0,3.3933787061270655,5.259206785767126,3.0768176963800262,2.5626800690654483,0.8141340782232187,-1.7207674516747018
296,339.54,83.95,26.53,22.17,1.2,0.192712344,3.0,3.391253684554692,4.78101878743247,2.686578303376446,2.926715976725255,0.17129824093083754,-1.2902296252111753
297,378.12,94.88,31.63,23.56,1.34,0.168011995,3.0,3.4232553665393692,4.923587741483456,2.80172897552793,2.980840673899912,0.2649590298140219,-1.370929137919498
298,201.48,77.22,27.53,14.07,1.96,0.135155069,3.0,3.2255778313032737,4.684019769306079,2.7110215991400235,2.518105009594068,0.5380935017430274,-1.4921388838886316
299,412.75,91.55,38.86,16.57,2.35,0.196983739,1.0,3.448793518689644,4.881908745870111,2.933350034228096,2.6658749608425127,0.6451920194372506,-1.2770112615214064
300,432.95,121.67,36.09,24.31,1.48,0.116985145,3.0,3.462524899507393,5.21512044600528,2.8864602602417686,3.0086849934871984,0.3434018471681553,-1.5681695155975819
301,687.57,190.53,52.41,38.5,1.36,0.075761781,3.0,3.588686811988957,5.74712912924339,3.118635618450093,3.4134940698042175,0.2769983690872569,-1.7775083115339418
302,126.88,46.36,17.77,9.82,1.81,0.236138232,3.0,3.0631100901038444,4.097696545086096,2.4144054883720747,2.1899962920452816,0.48669458003862515,-1.1641926329442727
303,126.35,47.24,18.2,7.85,2.32,0.226472492,3.0,3.061567586485592,4.119125302540692,2.4310311449695092,1.9834808311956538,0.6380434759714628,-1.1907644206534045
304,299.78,125.52,34.78,19.32,1.8,0.076109135,3.0,3.3533223213861945,5.251812386684429,2.8628523150416836,2.8037916092070403,0.48301160162745826,-1.7754475143533615
305,121.43,46.15,18.21,139.95,1.3,0.228056563,1.0,3.046865195801543,4.092524807325037,2.4314125104506785,4.513509979170923,0.23994417853023506,-1.186356731277361
306,770.1,141.8,52.55,24.59,2.14,0.153198549,3.0,3.6178128904405544,5.395823605342175,3.1202568561677158,3.0188524258115508,0.5916251195697484,-1.423338335710913
307,499.91,136.36,44.87,29.04,1.55,0.107541931,3.0,3.5030457141748506,5.349563561500917,3.0232938709276316,3.1660406373734906,0.3780855581899034,-1.6109511477043013
308,133.24,55.13,24.45,7.61,3.21,0.175355192,1.0,3.081035083442944,4.295656951409824,2.632236730893364,1.9547061955933078,0.8005813835169282,-1.3461271310700156
309,184.69,69.08,30.85,9.99,3.09,0.154809895,1.0,3.196180395161683,4.555143049828669,2.7855313302199898,2.2057556737473716,0.7833443470575946,-1.4174722029963667
310,242.91,92.03,23.94,22.7,1.05,0.114721956,3.0,3.287000420021357,4.8880060020628875,2.618115861897235,2.94775805084433,0.04797641808538017,-1.5781989088961117
311,159.59,85.97,29.43,13.74,2.14,0.086371769,3.0,3.1456276912089876,4.808669287651556,2.7548241324708083,2.496586375024098,0.5916251195697484,-1.717290405110973
312,216.67,76.85,22.4,19.58,1.14,0.146747608,3.0,3.2497339626268653,4.678452832944683,2.573329297577002,2.8157613822793848,0.12526845354571445,-1.4472593277091723
313,208.36,64.26,21.34,16.31,1.31,0.201833336,3.0,3.236781841368507,4.471723873221663,2.5404385346784957,2.6516246537498094,0.2463189145525122,-1.2622414097646213
314,124.32,46.1,17.85,9.54,1.87,0.233990994,1.0,3.055586488323471,4.091290090647722,2.4175326978601177,2.1634123384678636,0.5080903662539253,-1.170029701899046
315,161.72,67.7,30.06,8.55,3.51,0.141138789,1.0,3.1502793075366364,4.531848951439114,2.7686491407333973,2.0624668353863176,0.8392655124472854,-1.4686552031387212
316,231.05,75.44,32.09,12.49,2.57,0.162391242,1.0,3.2707901255796963,4.656998260342675,2.8110720360014736,2.4099131118059933,0.6932602179822497,-1.390424281252525
317,127.37,56.74,19.93,13.21,1.51,0.158251734,3.0,3.0645292798160195,4.328659671965914,2.4937181409192752,2.4608784791480565,0.35859919508182697,-1.4050819464933066
318,122.0,46.2,18.01,8.95,2.01,0.228631397,1.0,3.0486050033063443,4.093758232406996,2.4237400508677753,2.1046432387207927,0.5537751854209668,-1.1847624809346833
319,143.4,58.78,20.66,13.9,1.49,0.166016013,3.0,3.1076291464858543,4.369201062020801,2.518355079080865,2.507085821605458,0.348525115220464,-1.377799730924128
320,232.01,82.35,35.47,10.06,3.52,0.136848326,3.0,3.2721392305502937,4.758657366238311,2.875409418659178,2.2121641433838084,0.8404584761476946,-1.4854218746768897
321,260.11,74.84,32.08,13.52,2.37,0.185758837,1.0,3.3088864221484644,4.647750925906019,2.8108705329120305,2.481940682604276,0.6498725570129459,-1.3121878529670303
322,122.91,46.12,17.96,8.73,2.06,0.231136543,1.0,3.051362367137046,4.091784132486248,2.421806943687603,2.0816941016265362,0.5688106386426607,-1.1778468264316582
323,301.76,113.96,35.94,23.01,1.56,0.09294302,3.0,3.3553517884035116,5.138141521973997,2.883806375407298,2.959830769869693,0.38282483698595865,-1.6825210264618309
324,350.03,84.73,33.57,17.96,1.87,0.195025251,2.0,3.4003735723982147,4.791771117046397,2.8401396264804584,2.7383265423428105,0.5080903662539253,-1.2830472134861484
325,215.04,106.15,32.77,20.37,1.61,0.076337731,3.0,3.2472411624940283,5.054854018158141,2.8246108511848993,2.851144404385274,0.4057717461133307,-1.7740948317354197
326,125.02,46.45,18.07,7.5,2.41,0.231775779,1.0,3.057662160028431,4.099906079714831,2.426051820095061,1.9412017205613565,0.6590361140902694,-1.1760904619314763
327,132.6,52.95,22.38,8.81,2.54,0.189178417,1.0,3.0792784822313886,4.2494542292927955,2.5727250599901312,2.0901079435306844,0.6871215362604893,-1.3013196268455691
328,258.77,82.05,30.62,16.17,1.89,0.153750574,3.0,3.307244861510503,4.754417918481445,2.780666940278386,2.643853494027407,0.514966290362661,-1.421323900939136
329,272.39,107.35,27.57,22.67,1.22,0.094546848,3.0,3.323470484658493,5.068028490290005,2.711978450248442,2.9465806595655866,0.1857869613984005,-1.6742943123724179
330,388.19,114.22,35.46,23.97,1.48,0.119020021,3.0,3.430963619601465,5.1408183635951765,2.8752294014768105,2.9961742647611236,0.3434018471681553,-1.5592656862289682
331,626.41,144.36,48.28,28.55,1.69,0.120233344,3.0,3.564235525994388,5.41700281049815,3.068486220743638,3.1510239867670427,0.4400827324040004,-1.5540065925859414
332,195.86,85.73,28.25,15.65,1.8,0.1065958,3.0,3.2160776542947973,4.805417129355901,2.728009858171483,2.61436538981935,0.48301160162745826,-1.6153785814439676
333,231.86,96.92,28.88,19.58,1.48,0.098732245,3.0,3.2719288772063173,4.948428284154249,2.7424794880117775,2.8157613822793848,0.3434018471681553,-1.6532702434408824
334,121.35,43.93,17.01,10.16,1.67,0.251522804,3.0,3.0466202240857747,4.036417359332577,2.3838822872697687,2.2212393163880924,0.4317659473709999,-1.1234076797526589
335,636.64,181.98,48.46,33.29,1.46,0.076896503,3.0,3.5685211428413544,5.692293926516976,3.0707710983990526,3.2862224663541726,0.33297756559215047,-1.7708001188313545
336,121.49,46.59,18.1,8.68,2.08,0.223879899,1.0,3.0470487968697264,4.103334926766037,2.4272044664597328,2.0763947404945124,0.5746532653948717,-1.1980245029440222
337,304.27,90.07,32.84,19.73,1.66,0.15002333,3.0,3.357901529815526,4.862912559588389,2.8259865709383756,2.8225922566300055,0.42754407771130026,-1.4350236886395495
338,216.86,69.0,30.27,10.29,2.94,0.182197017,1.0,3.2500230618561283,4.55380499392623,2.7731851269767787,2.232899508593652,0.76013661288396,-1.3236560923434462
339,118.9,45.56,17.88,8.94,2.0,0.229126022,1.0,3.039022216131456,4.077872094953963,2.4187013358475205,2.103612850009096,0.5506919380259192,-1.1833928975490997
340,120.77,45.74,17.9,8.83,2.03,0.230901491,1.0,3.0448383333347677,4.082361751968085,2.4194792021931923,2.0921990227263523,0.5598645135019538,-1.1784934987943327
341,328.4,88.9,25.89,19.54,1.32,0.166210945,2.0,3.3811889268424085,4.847680667187336,2.6703837973511697,2.813930647299404,0.25261187151335246,-1.3771262279852277
342,125.68,46.81,18.09,9.41,1.92,0.229429301,2.0,3.0596064222572865,4.108703056693285,2.4268204901232084,2.1507934168646115,0.5250525398544246,-1.1825541480111474
343,211.0,70.66,24.16,15.5,1.56,0.169042217,3.0,3.240963158854226,4.58126738578833,2.6242483558782985,2.6056701094913777,0.38282483698595865,-1.3674049353897313
344,465.82,160.2,46.1,28.98,1.59,0.072602755,3.0,3.4832944663041725,5.540495639374335,3.0400276106565336,3.164216042526225,0.3967394935637946,-1.7965568085597552
345,312.65,99.44,34.66,18.0,1.93,0.126472526,3.0,3.3662339071105998,4.978425491614693,2.8606398551518906,2.740324407527997,0.5283556154250564,-1.5275268908734054
346,460.81,116.34,37.35,26.82,1.39,0.136183273,3.0,3.480245016104451,5.162427795749731,2.908274176117271,3.0957819848269676,0.2945063662714666,-1.4880532015161607
347,123.71,48.71,19.58,9.3,2.11,0.208558809,1.0,3.0537661604585904,4.154075411175949,2.4815429921937366,2.1399738188960655,0.5832412296298082,-1.2421587360998896
348,273.11,90.72,27.57,21.98,1.25,0.132736851,3.0,3.3243008615176244,4.8712923351834085,2.711978450248442,2.919045283386273,0.20678240991806923,-1.5018332813347395
349,119.28,45.57,17.99,8.51,2.11,0.22975743,2.0,3.040212994124242,4.078121969508946,2.422967533855883,2.058137102493947,0.5832412296298082,-1.1816475352505558
350,664.71,153.84,44.15,34.9,1.26,0.112344977,3.0,3.579866239338096,5.492393104004894,3.0132570994071206,3.327638875561373,0.21359261319142167,-1.5888808057308488
351,763.89,158.53,50.38,32.21,1.56,0.121581612,3.0,3.615755044630044,5.5280460374542955,3.0945645240790407,3.2572585946442576,0.38282483698595865,-1.5482054083902705
352,500.45,177.3,40.61,35.77,1.14,0.063680023,3.0,3.50334539943334,5.6612153307152875,2.961073921185804,3.3492020084292835,0.12526845354571445,-1.8536532210422059
353,597.19,118.85,45.63,20.82,2.19,0.169111891,2.0,3.5515140323466725,5.18752606298847,3.0336934207625785,2.8706684434708594,0.6051652645932718,-1.3671671294283683
354,557.4,108.14,37.39,20.82,1.8,0.190657645,3.0,3.532929074965744,5.076624249241456,2.9089530567952933,2.8706684434708594,0.48301160162745826,-1.2966603185357557
